"Guest","Freq"
"Adam Hills",1
"Aisling Bea",2
"Al Murray",1
"Alexander Armstrong",1
"Andy Hamilton",7
"Andy Parsons",1
"Anneka Rice",1
"Arthur Smith",3
"Barry Cryer",1
"Barry Humphries",1
"Ben Miller",1
"Bill Bailey",33
"Brendan O'Carroll",1
"Brian Blessed",1
"Cal Wilson",2
"Carrie Fisher",1
"Charlie Higson",2
"Chris Addison",2
"Clare Balding",1
"Claudia O'Doherty",1
"Clive Anderson",15
"Colin Lane",3
"Daniel Radcliffe",1
"Danny Baker",8
"Dara O'Briain",14
"Dave Gorman",2
"David Mitchell",23
"David O'Doherty",1
"David Tennant",1
"Dom Joly",1
"Doon Mackichan",2
"Dr. Ben Goldacre",1
"Eddie Izzard",1
"Emma Thompson",1
"Frank Skinner",2
"Fred MacAulay",2
"Graeme Garden",1
"Graham Linehan",1
"Graham Norton",2
"Greg Proops",1
"Gyles Brandreth",2
"Helen Atkinson-Wood",1
"Henning Wehn",1
"Howard Goodall",2
"Hugh Dennis",2
"Hugh Laurie",1
"Isy Suttie",1
"Jack Dee",6
"Jack Whitehall",4
"Jackie Clune",1
"Jan Ravens",1
"Janet Street-Porter",1
"Jason Manford",7
"Jeremy Clarkson",12
"Jeremy Hardy",4
"Jessica Stevenson",1
"Jimmy Carr",28
"Jo Brand",34
"John Bishop",1
"John Lloyd",1
"John Sergeant",1
"John Sessions",10
"Johnny Vaughan",1
"Johnny Vegas",8
"Jonathan Ross",1
"Josh Widdicombe",4
"Josie Lawrence",1
"Julia Morris",1
"Julia Zemiro",2
"Julian Clary",2
"Katherine Ryan",1
"Kathy Lette",1
"Katy Brand",1
"Lee Mack",4
"Linda Smith",3
"Liza Tarbuck",4
"Lloyd Langford",1
"Lucy Porter",1
"Marcus Brigstocke",2
"Mark Gatiss",1
"Mark Steel",3
"Meera Syal",1
"Neil Mullarkey",1
"Nina Conti",1
"Noel Fielding",1
"Pam Ayres",1
"Peter Serafinowicz",1
"Phil Kay",2
"Phill Jupitus",32
"Prof. Brian Cox",2
"Reginald D. Hunter",3
"Rhys Darby",1
"Rich Hall",24
"Richard E. Grant",1
"Richard Osman",2
"Rob Brydon",15
"Robert Webb",1
"Roger McGough",1
"Ronni Ancona",6
"Rory Bremner",1
"Rory McGrath",2
"Ross Noble",13
"Ruby Wax",1
"Sandi Toksvig",14
"Sara Pascoe",3
"Sarah Millican",5
"Sean Lock",26
"Shappi Khorsandi",1
"Sir Terry Wogan",1
"Sue Perkins",12
"Suggs",1
"Susan Calman",2
"The Rev. Richard Coles",3
"Tim Minchin",1
"Tim Vine",1
"Tony Hawks",1
"Trevor Noah",1
"Vic Reeves",4
"Victoria Coren Mitchell",3
"Victoria Wood",1
